Branch_ID,Branch_Name,City,Address,Manager_ID
1,North Jeffrey Branch,Lake Jonstad,50328 Cook Brook Apt. 582,932
2,Port Paulmouth Branch,South Brian,377 Ford Lane,128
3,North Joseph Branch,New Justin,55479 Brooke Fields,983
4,Brandonton Branch,West Aprilmouth,5637 Ashley Gardens Suite 748,889
5,North Jack Branch,Lake Ellen,845 Richards Spurs Suite 110,194
6,West Dennisview Branch,Mollyton,85482 Tammy Ford,113
7,Richardbury Branch,Wilkinsshire,384 Terri Trail,329
8,West Brandonfort Branch,North Michelle,3583 Johnson Burgs Apt. 143,270
9,Traceybury Branch,Jonathanborough,228 Emily Isle Apt. 667,572
10,Carlborough Branch,Amandaview,3946 Kelley Ferry,800
11,Campbellmouth Branch,New Tim,291 Smith Brooks Suite 819,590
12,Lake Timothy Branch,Hoodfort,20592 John Hill Apt. 691,675
13,Marcton Branch,Whitechester,251 Porter Coves,464
14,Abigailborough Branch,New Philip,05462 Hartman Shore,927
15,New David Branch,Davidmouth,8860 Floyd Motorway Suite 710,911
16,Melissabury Branch,Joelbury,777 Adam Ports,988
17,Riverafort Branch,South Julia,372 Brown Burg,
18,Port Savannah Branch,Hartchester,3010 Amber River,253
19,Stevenshaven Branch,Port Allenland,004 Wright Ports Apt. 820,270
20,West Kevin Branch,Kylefort,670 Mendez Hill Suite 435,368
21,Lake Mary Branch,Sandramouth,6873 Anderson Trail,427
22,Lake Gerald Branch,Holdenhaven,522 Evans Shoals,227
23,East Emily Branch,Mitchellview,9029 Tammy Inlet,882
24,Mcdonaldmouth Branch,North Joshua,79946 Smith Shoals,793
25,Lake Cody Branch,New Melissaberg,3020 Richard Forge,240
26,South Melissafurt Branch,West Lisashire,1671 Stewart Causeway,926
27,Randallhaven Branch,North Alexandraberg,431 Williams Viaduct,774
28,New Julie Branch,Kristenmouth,897 Richardson Camp Suite 521,
29,East Robertport Branch,Taraport,920 Booker Groves Apt. 887,175
30,Littleland Branch,Jacksonville,35704 Madden Crossroad,240
31,Daniellemouth Branch,New Nicolefort,055 Roberts Ports Apt. 506,282
32,Petersonside Branch,Isaiahberg,01488 Ramirez Loop Suite 558,317
33,East Juan Branch,North Kenneth,8269 Gary Estate,710
34,East Joshuaton Branch,South Jonathanberg,3935 Lance Villages Apt. 362,321
35,Michaelside Branch,Carterstad,6521 Christian Harbor Apt. 324,896
36,South Denisemouth Branch,West Rhondaberg,229 Kevin Corner,700
37,Lake Frank Branch,Stephensonborough,35534 Anna Park Suite 377,501
38,South Carolhaven Branch,Ryanburgh,78572 Evans Courts Suite 346,922
39,New Tracy Branch,Petersonton,720 Cohen Ridge,161
40,Rhodesland Branch,West David,295 Kayla Mountain Suite 018,782
41,Brittanychester Branch,Jaredside,8013 Bates Grove Apt. 485,840
42,Langtown Branch,Lake Francisco,66352 Ryan Island Suite 363,
43,Omarland Branch,Brookston,834 Gonzalez Throughway Apt. 945,157
44,Danamouth Branch,West Elizabethtown,421 Benjamin Mountains Apt. 812,842
45,Kevinborough Branch,Ashleymouth,586 Torres Mall Apt. 510,922
46,West Debrastad Branch,Bennetthaven,8099 Fisher Spurs Apt. 574,
47,South Karentown Branch,Williamton,832 Morgan Land,748
48,Lake Justin Branch,Anneton,40756 Ashley Keys,
49,Greenchester Branch,Wolfefurt,5941 Rita Field Suite 070,519
50,New Stacey Branch,South Anthonyfurt,474 Rojas Viaduct,774
51,Maxberg Branch,Lake Jeremiahborough,23196 Dunn Pine,318
52,Baileychester Branch,Lake Scottmouth,99284 Ward Court Suite 233,487
53,Douglastown Branch,Christinetown,890 King Station Suite 303,
54,East John Branch,Davisborough,3849 Dean Locks,205
55,East Matthewport Branch,Peterview,150 Lee Islands Suite 297,145
56,South Amberberg Branch,Lake Ryan,9215 Andrew Street,820
57,South Joanne Branch,Lake Richardborough,59406 Brian Lodge Apt. 211,203
58,Jamesville Branch,East Michael,072 Scott Forks Suite 841,
59,Alexandermouth Branch,South Donaldview,09906 Aguilar Bridge,148
60,West Matthewton Branch,Cantumouth,07988 Jay Stravenue,298
61,Toddborough Branch,East Tiffany,98206 Sherry Parkways Suite 892,
62,Jonmouth Branch,Taylorborough,37439 Samantha Station Suite 122,307
63,Jasonfort Branch,Ballardmouth,31560 Terri Lodge,484
64,Frankport Branch,South Nancyview,9520 Davis Spring Apt. 334,160
65,West Codyhaven Branch,Summerchester,47235 Moon Walks,984
66,Millsfurt Branch,North Jessica,08308 Cynthia Ports,365
67,Washingtonshire Branch,Kristinamouth,266 James Crescent,257
68,East Mike Branch,Harrischester,3436 Hoffman Island Suite 288,413
69,North Erik Branch,Lake John,0482 Bradford Center,372
70,Campbellville Branch,Lake Travisfurt,32401 Tracy Well Suite 742,
71,Sheppardton Branch,Reedland,973 Phillips Spring,289
72,Ericfurt Branch,Lake Roberto,25155 Jennifer Pike,551
73,Lake Kimberlyhaven Branch,New Erinville,739 Ashley Light Apt. 990,517
74,Mortonview Branch,Amandaside,25062 Stewart Mountains,964
75,Rebeccamouth Branch,South Erica,3133 Valenzuela Tunnel Suite 145,185
76,Lake Aarontown Branch,Lake Kevin,3830 Jorge Burgs Suite 414,
77,Sarafurt Branch,West Kevinberg,7017 Zachary Mountain Apt. 782,488
78,Burkechester Branch,Mcguireborough,7603 Amber Roads Suite 793,869
79,Eduardofurt Branch,Jasonberg,2838 Dana Roads Apt. 744,452
80,Wangmouth Branch,West Kevin,4345 Herrera Pines Suite 308,736
81,Catherinebury Branch,New Christopherburgh,6277 Oneal Station,
82,Michaelfort Branch,Port Williamfurt,173 Olivia Squares Apt. 655,956
83,New Cole Branch,East Scottland,5892 Reid River Suite 563,
84,East Michael Branch,Robertport,12771 Cox Vista,625
85,North Jennifer Branch,Port Paula,3669 Brady Crest,
86,New Briannaview Branch,East Gloriahaven,61021 Bonnie Manors Apt. 438,718
87,Port Ryan Branch,Jonesstad,547 Rachel Meadows,646
88,North Nicolemouth Branch,Jasonview,072 Timothy Pines,
89,Wagnerport Branch,Deborahfurt,120 Smith Village Apt. 099,470
90,Stevensland Branch,Jasonmouth,760 Jordan Lights,822
91,Mcgrathville Branch,Arthurshire,30380 Brittany Rapid Suite 369,129
92,New Kaylaside Branch,Andrewchester,51253 Jessica Rapids Apt. 675,772
93,Fullerton Branch,Martinhaven,569 Butler Village Apt. 690,913
94,North Gregory Branch,New Beverlyland,315 John Motorway Suite 475,876
95,Rodriguezport Branch,New Courtney,2055 John Isle,180
96,West Alison Branch,West Stephenburgh,9606 Woods Club Suite 523,927
97,Lake Michaelton Branch,Georgeton,255 Anthony Circle,263
98,Lake Stevenchester Branch,Margaretport,3518 Marie Underpass Suite 937,926
99,Marymouth Branch,Veronicatown,776 Cory Extensions Apt. 876,475
100,South Ryantown Branch,Lake Anthony,634 Thomas Lodge Apt. 483,789
101,West Brandiport Branch,Lake David,05298 Murphy Port,328
102,Annamouth Branch,Jacobtown,1186 Williams Key,813
103,Lake Kimberly Branch,Aliciaside,8846 Parker Crescent,342
104,Samanthaland Branch,Lake Kevinport,758 Joseph Place Apt. 131,174
105,Kevinfurt Branch,Patrickberg,575 Christopher Estate,577
106,West Leslie Branch,West Sheila,28619 Nguyen Ferry,441
107,Port Tylershire Branch,Charlesview,65555 White Brooks Apt. 958,276
108,Lake Stephenside Branch,New Kristinaside,249 Moore Underpass,
109,North Travisfort Branch,Rodriguezside,14286 Linda Ways,576
110,New Michaelborough Branch,Port Ross,9073 Moore Prairie,
111,Royton Branch,New Adamchester,071 Mason Expressway,849
112,Michaelville Branch,Lake Michaelbury,5090 William Plains,843
113,New Bradleyville Branch,East Tylerchester,95607 Robinson Square,
114,East Aaron Branch,Aaronburgh,4903 Michael Green Apt. 901,
115,West Michelleland Branch,East Tylerhaven,57200 Jennifer Points,252
116,New Shanestad Branch,West Richardburgh,8558 Barron Forges,817
117,East Michelle Branch,Brucehaven,43276 John Burg,839
118,Colontown Branch,Marytown,0777 Walker Turnpike,677
119,Georgefort Branch,South Johnchester,705 Parks Extensions,895
120,Jeffreyburgh Branch,Lake Jenniferside,041 Wendy Brooks Apt. 388,801
121,Matthewchester Branch,Burnstown,03382 Price Grove Suite 292,
122,Paulaberg Branch,Brettstad,8358 Perez Well,691
123,Loristad Branch,New Amy,2433 Allen Summit Suite 977,452
124,West Lisa Branch,Goodmanview,99530 Bell Isle Apt. 060,640
125,South Michelle Branch,Lawrenceport,2472 Andrea Course Suite 768,435
126,East Pamelamouth Branch,New Selena,9872 Phillips Falls,196
127,South Eddieville Branch,Lutzfort,6065 Frank Mission Suite 077,822
128,Stanleymouth Branch,Lake Ginaborough,487 Pace Inlet,
129,Lake David Branch,Port Susanborough,678 Edward Track Apt. 487,498
130,Chapmantown Branch,Hutchinsonmouth,138 Robinson Landing Apt. 022,140
131,North Zacharyport Branch,Samuelview,1263 Meghan Route Suite 963,622
132,Nelsonmouth Branch,Taylorfort,2195 Antonio Mountain,395
133,New Corey Branch,South Johnburgh,63955 Steve Roads Suite 473,
134,New Anthony Branch,Port Lisa,45741 Jenkins Courts,556
135,Port Jenny Branch,Floresmouth,30491 Clark Mews,681
136,Alexanderside Branch,West Brian,288 Craig Wall Apt. 453,796
137,Lake Debbiechester Branch,Lake Zachary,65074 Sharon Fords,828
138,Lake Elizabethhaven Branch,East Meganburgh,81966 Mikayla Rue Apt. 602,978
139,East Anthony Branch,Rogerstown,748 Mary Lodge,607
140,Lisafort Branch,West Brian,07491 Oneal Center Apt. 425,775
141,Hicksville Branch,Lake Martinhaven,9554 Karen Cliff Apt. 416,847
142,Maryview Branch,North Sheila,272 Cassandra Ridges Apt. 585,724
143,Juliechester Branch,North Kendraport,6092 William Squares Apt. 125,830
144,Romerofurt Branch,New Derek,3368 Crystal Fort,861
145,East Antonioview Branch,Marcusville,4494 Warren Avenue Apt. 533,
146,Melissaburgh Branch,Mariaport,42323 Rios Mount,765
147,Jamesborough Branch,North Edwardmouth,551 Justin Hollow Apt. 852,
148,North Nathan Branch,New Tammy,88431 Joseph Summit,
149,Lake Blake Branch,Burtonberg,4144 Acosta Crest Suite 089,461
150,New Thomasside Branch,Port Dustinhaven,9173 Michael Mountains,821
151,Ericksonborough Branch,Lake Bettystad,698 Harris Springs,109
152,New Caroltown Branch,Lake Chelseafurt,72578 Danielle Isle,351
153,Emilymouth Branch,North Abigailfurt,7454 Kathryn River Apt. 008,948
154,Martinside Branch,Shannonstad,57456 Smith Port Suite 445,902
155,Port Robertfurt Branch,Port Victoria,355 Chavez Wells Apt. 655,479
156,New Melissaton Branch,Port Jessica,4040 Jasmine Oval Apt. 922,582
157,West Johnmouth Branch,West Jeremybury,97548 Johnson Street Apt. 909,293
158,North Davidhaven Branch,Fordside,529 Valerie Point Suite 910,126
159,Raymondview Branch,New Karenfort,998 Patrick Bypass Suite 226,167
160,Beanton Branch,Port Heatherchester,83228 Mendoza Villages,569
161,Jefferyburgh Branch,South Tracy,476 Amanda Street Apt. 695,452
162,Port Jamesland Branch,Michaelburgh,185 Andrew Stravenue Apt. 703,183
163,Michellemouth Branch,Rodriguezchester,123 Mccormick Drive Apt. 881,109
164,Krauseburgh Branch,Stewartmouth,593 Christina Shore,983
165,North Michelle Branch,Mirandatown,42658 Macias Mount,593
166,Lake Sarah Branch,North Kyle,5478 Amy Centers Suite 659,695
167,Port Jayshire Branch,Port Scott,84786 Young Views Apt. 241,369
168,Figueroaview Branch,Port Marissa,2945 Meza Fords,558
169,Vanceville Branch,Williamhaven,7356 Mclaughlin Ford Suite 916,194
170,Mathisstad Branch,Ramirezmouth,63931 Erin Roads,641
171,East Ronald Branch,North Tammy,98875 Pratt Burg Suite 896,902
172,Bartonberg Branch,New Jennifer,236 Evans Ville,607
173,Kevinside Branch,Liumouth,05434 Singleton Parkways Suite 378,670
174,Lake Frank Branch,Denisestad,11426 Bowers Way Apt. 451,431
175,North Staceyshire Branch,Leeside,1265 Megan Loop Suite 784,399
176,North Frank Branch,South Jose,61068 Jackson Center Apt. 588,476
177,Hectorborough Branch,East Taylorland,34580 Andrea Lake,322
178,West Jacobchester Branch,Ashleyfort,94224 Howell Courts,494
179,Benitezberg Branch,Bruceland,647 Robinson Roads Apt. 815,858
180,New Jessicaport Branch,Lake Richardmouth,5483 Angela Ridges Apt. 274,457
181,Port Michaelstad Branch,West Jeffrey,01595 Adam Villages Suite 004,
182,Port Kellie Branch,West Derekland,68887 Kathy Stream,228
183,North Brian Branch,New Rhondaton,360 Carson Hill,403
184,Perrytown Branch,Lake Adrianport,0033 Jenna Vista Suite 993,657
185,Matthewhaven Branch,Vegachester,287 Christopher Manors Suite 230,437
186,Danielport Branch,Travistown,7313 Marc Route Apt. 528,827
187,New William Branch,Jadeberg,95282 Melinda Key,654
188,West Rebecca Branch,South Alexatown,31365 Schultz Turnpike Suite 008,793
189,Wilsonchester Branch,Williamsburgh,83081 Gilbert View Apt. 421,873
190,West Lisashire Branch,Marystad,1001 Allison Viaduct,552
191,Chandlershire Branch,North Phillipshire,59634 Adam Springs,498
192,Wrightshire Branch,West Melissaburgh,024 Barbara Vista Suite 243,636
193,Port Joseph Branch,Danmouth,753 Jacob Greens,542
194,Shawnafort Branch,Curtishaven,0678 Rebecca Mills Suite 963,418
195,Lake Alicia Branch,Lake Cynthia,8467 Taylor Common,627
196,South Moniqueshire Branch,Mikeport,6287 Curtis Garden Suite 229,319
197,Aprilland Branch,Williamsfort,2919 Allen Squares,817
198,South Michaeltown Branch,Nelsonstad,65006 Holloway Ridge,655
199,Michaelborough Branch,Lake Travis,3747 Danielle Burg,587
200,Jonathanmouth Branch,Lake Scott,03932 Robert Roads Suite 559,555
201,New Teresaton Branch,Port Karen,105 Kimberly Ford,126
202,Lake Kerri Branch,Lake Mark,34840 Thomas Shoal,413
203,North Mark Branch,East Noahchester,3137 Palmer Gateway,592
204,Floresshire Branch,Elizabethside,98601 Ramirez Springs Suite 286,305
205,East Matthew Branch,North Kathy,83539 Williams Flat Suite 022,271
206,New Angel Branch,North Anthony,805 Simon Ville Apt. 612,903
207,Phillipstad Branch,New Jake,4653 Lawrence Corners,471
208,Matthewfurt Branch,East David,945 Stephen Parks,107
209,South Deborahbury Branch,Lake Timothy,068 Reyes Roads,726
210,Port Amanda Branch,Mayview,6027 Harris Mills Apt. 067,121
211,East Jenniferland Branch,Port Rachel,914 Adams Shore Suite 711,994
212,Morganshire Branch,North Kimberly,6247 Savannah Rue,173
213,West Riley Branch,North Phyllis,43997 Grace Centers,160
214,Kyleton Branch,Port Christineborough,2345 Tucker Heights Suite 921,328
215,Greenechester Branch,Rodriguezton,89946 Hernandez Fords,320
216,East Loristad Branch,Chelseamouth,11779 Kenneth Club,262
217,Riveratown Branch,Harristown,3868 Pamela Rest,
218,Josephfurt Branch,West Laura,2003 Thompson Shore,
219,Rebeccashire Branch,Garnerville,0422 Kline Rapid Apt. 315,122
220,South Brian Branch,Stevenport,066 Todd Alley Suite 980,
221,Laurenborough Branch,Christopherview,11977 Hernandez Meadow Suite 873,693
222,Connorfurt Branch,New Melissaburgh,55395 Benjamin Common,
223,North Kelly Branch,New Lindaville,2345 Clifford Plains Suite 096,257
224,Romerochester Branch,Peckburgh,82559 Taylor Path Suite 327,196
225,South Amandatown Branch,Tapiabury,68849 Ware Cliffs,514
226,Georgeview Branch,Ramirezchester,689 Thomas Prairie,653
227,South Andrea Branch,Simpsonport,27671 Rios Trail Suite 659,726
228,Burnsshire Branch,Port Cynthia,44367 Sparks Grove,281
229,Chandlerhaven Branch,New Amy,584 Oconnell Rapids,264
230,West Michael Branch,Markview,292 Hanson Creek,129
231,Molinaborough Branch,Karenfurt,877 Thompson Land,260
232,West Williamhaven Branch,Williamsberg,446 Samantha Harbor Suite 121,879
233,Brownstad Branch,North Gabriela,285 Amy Ways Apt. 347,539
234,Bullockmouth Branch,Lake Robin,289 Graham Trace Suite 512,636
235,New Lindsayfort Branch,East Cherylville,3280 Justin Manors Apt. 535,546
236,Mcbridetown Branch,Lake Corey,339 Adam Skyway,
237,Moodyfurt Branch,South Lorettafurt,562 Alexander Lake Suite 887,149
238,Nancyview Branch,New Ashleyborough,771 Michael Fords Suite 644,166
239,South Debbieton Branch,East Leonard,41323 Mathis Dale Apt. 966,
240,North Steven Branch,Laurenton,4895 Stephanie Light Apt. 431,
241,Sandershaven Branch,Michaelfort,59245 Theresa Mills Suite 086,902
242,Port Andreaside Branch,Jacobberg,13138 Luke Courts,666
243,Douglaston Branch,Munozburgh,2517 Carter Prairie,782
244,Brianview Branch,Vanessaview,87867 Lara Pine,999
245,Lake Georgefurt Branch,Lake Cynthia,9873 Michael Estates,948
246,Port Gabriellestad Branch,Herreratown,4199 Kurt Stravenue Apt. 210,
247,South Robertton Branch,Schroederhaven,97065 Steven Stream,
248,Jessicaport Branch,West Johnnytown,654 Rachel Ports,277
249,Elizabethport Branch,Berrytown,610 Crystal Knoll Apt. 263,832
250,Lake Malikton Branch,Jessicaborough,9811 Diaz Bypass,618
251,Lake Gregorymouth Branch,Lake Amandachester,78351 Stein Alley,959
252,Smithshire Branch,West Kristi,65332 Watkins Knolls,351
253,East Maryhaven Branch,West Anthonyport,9094 Angel Lakes Apt. 955,520
254,Robinsonview Branch,Barrytown,060 Hannah Center Apt. 026,309
255,North April Branch,Howellland,2283 Macias Circle,572
256,Deanchester Branch,West Ronald,648 Emily Ferry,203
257,Chrisside Branch,Smithberg,48280 Brandon Oval,416
258,Port Barbaraberg Branch,New Nicholas,6509 Jennifer Mountains,514
259,New Michelle Branch,East Andrew,71240 Harris Common,955
260,Trujilloside Branch,Martinchester,87077 Griffin Garden Suite 461,
261,Millsmouth Branch,East Trevorshire,511 Jessica Pass Suite 064,503
262,Robertsstad Branch,North Carl,173 Woodard Bridge Apt. 835,
263,Michaelstad Branch,Odonnellberg,755 Garrett Squares Suite 103,939
264,New Emily Branch,East Terri,5363 Daniel Forks Apt. 610,728
265,East Shelby Branch,East Stephanie,705 Christopher Gardens Suite 243,696
266,Erikmouth Branch,West Tammyside,772 Smith Vista,368
267,Danielshire Branch,Port Julieview,61280 Taylor Pike Apt. 153,345
268,Colleenburgh Branch,Port Debbie,4820 Erik Manor Suite 143,
269,Georgehaven Branch,Lake Jenna,1962 John Landing,798
270,New Alexander Branch,South Jeffrey,8175 Norma Garden Suite 780,104
271,New Diana Branch,Flowersberg,076 Bridges Ports,433
272,West Jenniferport Branch,Craigland,6879 Judith Street Suite 473,451
273,West Adamstad Branch,East Angelica,3099 Charles Burgs,229
274,Schwartzchester Branch,New Justinshire,254 Nguyen Parks Apt. 934,
275,Laurieview Branch,Stephenberg,52133 Kendra Valleys,
276,Lake James Branch,Fosterview,9385 Smith Path,
277,Forbesbury Branch,Port Claytonview,79555 Anna Isle Suite 073,
278,East Kurt Branch,Lake William,7437 Miller Trace Suite 016,
279,South Kennethport Branch,Timothyshire,76317 Jenkins Heights,248
280,West Marc Branch,Laurachester,919 Jennifer Locks,
281,East Christopherside Branch,New Allisonborough,4654 Lee Fords Suite 861,823
282,Lake Leonardtown Branch,Johnsonport,1600 Kathryn Shores,
283,Karenfurt Branch,Sarahberg,960 Danielle Burgs Apt. 867,
284,Parkertown Branch,Port Michael,729 Johnson Cliffs,
285,North Douglasside Branch,Lake Madelineberg,08434 Murphy Inlet Suite 088,902
286,Grayland Branch,Sandraville,267 Michael Mountain,
287,North Molly Branch,Lake Lukeview,6939 Jimenez Orchard,904
288,Nelsonmouth Branch,Maryport,35019 Angela Ways Suite 708,940
289,North Aprilstad Branch,Stevenstad,961 Christine Road,326
290,Lake Andrewstad Branch,New Charleshaven,43676 Graham Lodge,
291,Adrienneview Branch,Dylanshire,8497 King Pike,422
292,West Tinaport Branch,Melissaville,723 Justin Throughway,728
293,East Carolyn Branch,Port Wayne,4628 Kim Well Suite 409,578
294,South Brian Branch,Rileyfort,7203 Chelsea Motorway Suite 641,517
295,Charlesborough Branch,Hancockport,9588 Long Glens,458
296,Port Alexberg Branch,Frederickville,91935 Mason Crossroad Suite 089,
297,East Josephmouth Branch,South Richard,79050 Mary Trail Suite 294,819
298,Tinamouth Branch,Port Maria,22944 Eric Unions Apt. 792,890
299,West Jennifermouth Branch,Jonesburgh,74014 Matthew Wall,110
300,Karenside Branch,Bridgetstad,07655 Sutton Way Apt. 995,834
301,North Austin Branch,South Randyton,6670 Aguirre Wall,791
302,Christopherburgh Branch,Markborough,8400 John Rue,259
303,South Keith Branch,Rodgersfort,6732 Sanchez Inlet,
304,East Alexander Branch,East Ryanfurt,235 Pamela Corners Suite 948,910
305,Susanview Branch,South Virginia,46781 Colon Creek Apt. 390,693
306,East Christine Branch,South Sabrina,44264 Jackson Route,
307,Lake Harry Branch,East Benjaminborough,98208 Kyle Cape,
308,East Cathy Branch,West Judith,8541 Singh View,
309,Morganview Branch,South Melanieberg,80384 Wade Village Suite 662,272
310,Amyside Branch,Edwinfort,3710 Kevin Mountain,
311,East April Branch,South Benjamin,01450 Justin Wells,379
312,Lake Johnfort Branch,East Sandrabury,17702 Tony Springs Suite 749,749
313,Lake Sandraville Branch,Ellisfort,321 Burch Mountains Suite 977,724
314,Bassland Branch,East Damon,9039 Roberts Valleys,
315,Royburgh Branch,West Davidborough,21537 Cole Fields Suite 474,513
316,South William Branch,Port Lanceville,22807 Luke Pine Suite 557,848
317,New William Branch,Port Diane,19627 John Rest Apt. 603,905
318,Brownton Branch,Shawnchester,391 Mercado Corners,
319,Port Kristineborough Branch,West Melissa,766 Mandy Plain Apt. 041,360
320,Garciaside Branch,Joshuaville,78051 Michael Gateway Suite 645,695
321,Ericberg Branch,Richardsontown,878 Patel Spur Suite 819,
322,Lake Vicki Branch,Brianbury,5625 Timothy Highway Apt. 304,213
323,Robertberg Branch,West Stephenbury,816 Meyer Island,474
324,Huberstad Branch,Port Douglasmouth,76198 Bailey Points Apt. 317,393
325,New Ninamouth Branch,Turnerport,01181 Hayley Passage Apt. 387,572
326,Welchchester Branch,Gibbsburgh,7315 Jamie Crest,172
327,New Kaitlyn Branch,North Henry,1765 Jessica Lodge Suite 179,440
328,North Laura Branch,North Susan,98724 Robert Extension,398
329,Lake Garrettville Branch,West Jordanville,1635 Anderson Pass,418
330,East Jonathanfurt Branch,Yorkmouth,353 Wilson Terrace,663
331,North Meghan Branch,West Ryantown,14319 Murphy Lock Suite 758,262
332,Millerstad Branch,Williamsside,38916 Cunningham Pine,542
333,New Daniel Branch,Robertbury,886 Barbara Squares Apt. 738,697
334,South Kimberly Branch,Lake Geoffreyfort,401 Perez Roads Suite 041,293
335,Soniafort Branch,North Christopher,0199 Jane Groves,409
336,Port Lee Branch,Lake Brandonbury,58203 Tiffany Harbor,274
337,Marytown Branch,New Emilyburgh,6162 Mitchell River Suite 463,241
338,Stephenburgh Branch,Carterfurt,36512 Simon Inlet,
339,Rachelfurt Branch,Hallshire,2702 Ruiz Springs Apt. 150,449
340,New Nancy Branch,Craigside,178 Burch Street Apt. 420,648
341,East Stephanie Branch,Lake Kaitlinchester,78810 Keller Village Suite 249,418
342,Lake Mariaton Branch,East Eric,1112 Johnston Gardens Suite 684,736
343,East Shawnland Branch,South Barryside,6157 Hernandez Hills,
344,West Mario Branch,Morenoburgh,75153 Brent Estate,987
345,Schneiderfort Branch,East Richard,09777 Jennifer Expressway,672
346,Margaretmouth Branch,South Adrianside,63912 Johnson Brook,323
347,West Jenniferview Branch,Silvaburgh,9306 Steven Junctions Apt. 598,264
348,Brownland Branch,East Angela,52061 Benjamin Pines,867
349,East Kimberly Branch,Watsonmouth,831 Craig Cape,
350,West Abigailchester Branch,Harpermouth,4802 Stein Haven Suite 123,686
351,Reidport Branch,Lindseyfort,6336 Cruz Squares,954
352,Andrewland Branch,North Thomas,36788 Griffin Keys,376
353,Ronaldville Branch,West James,726 Davis Cliff Suite 659,432
354,Lake Lancemouth Branch,New Ann,90763 Scott Roads,573
355,Murphyport Branch,Christianberg,7363 Jackson Trace,777
356,East Timothy Branch,Beckerland,273 Tammy Crossroad,106
357,Port Kerry Branch,Port Jacobchester,235 Fischer Forks,621
358,West Bailey Branch,Port Joseph,195 John Centers,488
359,Samanthaview Branch,Jacobland,637 Kevin Highway,
360,South Matthewport Branch,Denisechester,3532 William Glen Apt. 401,
361,Lake Sarahside Branch,East Edwardfort,287 Patrick Orchard,571
362,North Emilyton Branch,Hensonbury,3213 John Corner,689
363,West Shawnstad Branch,Burnettstad,6144 James Field Suite 832,
364,West Tony Branch,East Keithside,5801 Rojas Loop,272
365,New Randallhaven Branch,Lake Lindseyland,824 Smith Roads Apt. 549,994
366,Turnermouth Branch,Lake Donna,5510 Patricia Views Apt. 637,674
367,Mariahtown Branch,Timothyton,1678 Bass Trail Suite 375,127
368,Lake Jennifer Branch,Crystalberg,71160 Kristopher Mount,636
369,Lake Daniel Branch,South Kevin,995 Stefanie Inlet,
370,Port Anthony Branch,Jasonburgh,20696 Franco Groves,562
371,Barkerhaven Branch,Mcgeemouth,815 Stacy Via Suite 607,605
372,New Glennview Branch,Scottstad,1450 Bennett Freeway,136
373,East Christopher Branch,East Jacob,05223 Parker Unions Suite 089,712
374,Raymondburgh Branch,West Jeffreyport,176 Sutton Fall Suite 146,112
375,New Blake Branch,Christopherberg,724 Bray Summit Suite 839,766
376,New Johnfurt Branch,East Keith,78048 Yoder Extensions Suite 433,431
377,Tatemouth Branch,Carrollfurt,13905 Erin Corner,303
378,Lake Emily Branch,Samuelburgh,361 Lee Trail Suite 077,
379,Williamsonview Branch,East Rosemouth,206 Jenkins Divide Suite 984,880
380,Bryanburgh Branch,Bestfurt,43808 Owens Shoal,269
381,East Christy Branch,New Eric,893 Kristin Bridge Suite 588,337
382,North Ronald Branch,Port Justin,8495 Daniel Fort,891
383,Conwayside Branch,New Megan,69493 Fuller Mountain,701
384,North Ashley Branch,North Molly,053 Price Hill,506
385,Adamsbury Branch,Port Amberbury,4828 Patricia Grove,905
386,Ericksonborough Branch,Lake Brian,5862 Flores Garden Suite 942,214
387,Feliciamouth Branch,Luisburgh,28393 Gonzalez Course Suite 440,163
388,West Erikhaven Branch,New Matthewshire,0607 Williams Camp,704
389,Leslieton Branch,Benitezside,086 Elizabeth Turnpike,296
390,Sherriberg Branch,Mathisland,646 Scott Hills,405
391,East Sherri Branch,Port Robert,843 Michael Shoals Suite 581,394
392,West Veronica Branch,Port Jeffreyburgh,6820 Heather Mission Suite 771,689
393,West Cody Branch,Port Dana,9358 Campos Stream,471
394,East Emmahaven Branch,New Andrew,93748 Smith Camp Suite 496,948
395,West Seanberg Branch,Stacyborough,4688 John Inlet Apt. 537,811
396,Christophertown Branch,New Antonioport,4331 Acosta Lodge Apt. 778,571
397,Mooreport Branch,New Marissahaven,473 Angie Valleys,101
398,North Kimberly Branch,West Theodoreton,518 Maynard Ford,333
399,South Jessicafort Branch,Port Heidi,320 Jenkins Mountain Suite 522,284
400,Audreystad Branch,Andersonton,740 Wells Rapid Apt. 062,990
401,Perryshire Branch,North Sarah,8961 Louis Stravenue,485
402,West Christopherport Branch,Lake Huntermouth,016 Jimenez Field Apt. 450,709
403,Lopezview Branch,South Jack,80840 Mcconnell Greens,124
404,Johnstonmouth Branch,Calvinmouth,9925 Brad Square Suite 414,807
405,West Amanda Branch,Georgefurt,9868 Eric Mountains Apt. 606,702
406,Karenton Branch,Perezport,9032 Salas Turnpike Apt. 179,
407,Port Alyssa Branch,Lake Tiffany,44857 Cunningham Well Suite 347,
408,Morganside Branch,Jamesview,566 Davis Vista,597
409,Tylermouth Branch,Brownfurt,833 Martinez Vista,
410,West Johnny Branch,Port Christophermouth,7404 Thomas Plaza Suite 380,875
411,Port Kevintown Branch,Jesushaven,46203 Rodriguez Lake Apt. 563,594
412,Lake Amber Branch,Port Danielfurt,865 Walker Views Apt. 246,597
413,Pricefort Branch,West Kevin,89571 Sullivan Squares Apt. 822,620
414,Rosariochester Branch,New Christine,11864 Anthony Centers Apt. 377,488
415,Port Veronica Branch,Port Jane,282 Holmes Mall,807
416,Pennyborough Branch,Ericshire,4940 Hayden Groves Suite 621,997
417,East Victoria Branch,Campbellfort,314 Angela Parkways Suite 532,
418,Johnbury Branch,New William,6320 Jamie Center Apt. 709,170
419,North Adrianachester Branch,Port Tammy,06870 Rachel Extensions Apt. 674,
420,West Rodneyview Branch,Delgadostad,36383 Michael Cliff,752
421,Stevenville Branch,Kellyport,061 Phillips Curve Suite 471,727
422,West Angela Branch,Taylorport,459 Darrell Passage,
423,West Richard Branch,West Joshuaborough,98351 Michele Extension,360
424,Lake Monica Branch,West Jeffreyshire,17330 Miller Route Suite 007,783
425,Saraton Branch,Sandraport,7425 Melody Junctions,445
426,Kennethview Branch,Ashleytown,0301 Sonya Lane,955
427,North Stephen Branch,Leslieborough,5372 Webster Spur,
428,Lawrencehaven Branch,Port Timothy,46596 Barry Lock,657
429,Lake Shannon Branch,West Sharon,589 Johnson Meadows Apt. 212,832
430,Jessicafort Branch,Kennethchester,88209 Tamara Island Apt. 024,978
431,Port Hollyton Branch,Aguilarshire,3902 Bradley Vista Suite 127,702
432,Lake Bonnie Branch,North Jefferyside,902 William Fork,
433,Mcclureland Branch,Lake Robert,09093 Cordova Viaduct,843
434,Daniellefurt Branch,Port Stephanietown,90933 Yang Courts,579
435,Baileychester Branch,Lake Darrell,060 Christopher Loaf,358
436,North Trevor Branch,Olsenport,881 James Mountain Suite 303,535
437,Danielleberg Branch,Stevenburgh,5209 Neal Circle,114
438,Nguyenberg Branch,Charleschester,81912 Evans Roads,440
439,New Stephanie Branch,Port Kellyton,3619 Carol Port Suite 971,513
440,Port Shawnshire Branch,Patriciaport,12493 Thompson Drive,711
441,Port Jeffreystad Branch,Christopherburgh,01142 Tate Pass Suite 376,503
442,Gonzalestown Branch,North Michelle,21263 Chambers Run Apt. 362,208
443,Lake Linda Branch,East Jamesberg,5033 Charles Forge Apt. 103,162
444,Vazquezshire Branch,West Angela,4798 Murphy Via,641
445,South Robert Branch,East Jonathon,98541 Alexandra Track,119
446,East Andrewton Branch,Rebekahhaven,8372 Jesse Bypass Suite 382,105
447,South Michaelburgh Branch,Port Deborah,8474 Giles Fords Apt. 055,
448,Robbinstown Branch,Allentown,217 Gonzalez Parks Apt. 278,510
449,Jeffreyborough Branch,Stewartton,883 Gaines Field,168
450,Timothyton Branch,Prestonborough,6880 Daniel Terrace Suite 612,396
451,North Dustinbury Branch,Kristenchester,90355 Gray Knolls Suite 680,948
452,South Thomas Branch,Myersland,3025 Maria Forest Apt. 709,762
453,Johnmouth Branch,North Erin,4172 Kathryn Trafficway,679
454,North Katelyn Branch,Jamesstad,56972 Catherine Extension Apt. 617,803
455,New Jessica Branch,Wendyburgh,947 Carlos Lodge,566
456,New Emily Branch,West Robert,9823 Kent Place Apt. 471,338
457,Gallowayborough Branch,Goldenfort,8144 Dillon Divide,127
458,East Tyler Branch,West Caitlynchester,98215 Wagner Plaza,805
459,Johnchester Branch,New Cynthia,840 Harold Parkways,793
460,Jefferyport Branch,Parkerstad,8655 Jacob Pine,
461,Dylanborough Branch,West Jonathanfurt,38658 Hunt Corner,998
462,Wilsonton Branch,Jacobmouth,111 John Ramp,624
463,Hobbston Branch,Kathleenview,703 Kimberly Plains Apt. 043,923
464,Jamesport Branch,Tomview,7077 Gregory Walk Apt. 544,508
465,Gonzalezberg Branch,Jenkinsshire,75681 Malone Port Suite 175,888
466,Bentleyside Branch,Mannshire,504 Powell Burg Suite 570,211
467,Padillaton Branch,Juliestad,72159 Brenda Mews Suite 375,453
468,South Catherinefort Branch,New Debraborough,2743 Johnson Street,834
469,Martinezville Branch,Richmondberg,38769 Smith Pike Suite 115,
470,South Diamond Branch,Watsonmouth,4146 Charles Plains Apt. 539,865
471,West Kathychester Branch,Adkinsborough,88642 Rachel Greens,365
472,Jenniferside Branch,Port Daniel,3989 Wilson Ramp Apt. 687,914
473,Lake Sherryberg Branch,Codyfurt,285 Brandon Passage Apt. 048,
474,Evansmouth Branch,East Leslie,51272 Craig Tunnel,777
475,Andersonland Branch,North Susan,1694 Thomas Brook Apt. 830,559
476,South Michael Branch,West Jessicaland,1738 Daryl Terrace,979
477,East Aliciamouth Branch,West James,91947 Dustin Greens Apt. 972,780
478,Deannahaven Branch,North Dianabury,77369 Anne Stream Suite 633,
479,Port Angelaton Branch,West Sara,0857 April Street,490
480,Markberg Branch,South Laurenburgh,356 Laura Keys,409
481,North Dawnport Branch,Jenniferchester,193 Parker Shores,159
482,Elizabethshire Branch,South Christopherberg,905 Montoya Center,891
483,Burnshaven Branch,Barrettberg,03761 Steven Flat,761
484,New Kayla Branch,New Taratown,14182 David Inlet,341
485,Heatherstad Branch,Gallegosland,2662 Brandon Junctions,
486,Lake Erinfort Branch,Elizabethville,19108 Paul Meadows,183
487,New Lindsayfort Branch,East Willie,29496 Robertson Lake,954
488,South Russellland Branch,East Patricktown,699 Robert Shoal,992
489,Carlton Branch,Hernandezland,4416 Carlson Island,422
490,Smallhaven Branch,Kathleenton,905 Hess Flats Suite 417,595
491,New Jessica Branch,Smithfort,6441 Patrick Camp Suite 385,151
492,Lake James Branch,Hughesfort,76498 Timothy Flats,480
493,North Madisonton Branch,Terrymouth,56044 Mitchell Mountain Suite 596,974
494,South Jeffrey Branch,Lake Timothyfurt,973 Denise Turnpike,472
495,Monroeside Branch,Gregoryland,0808 Chase Way,763
496,East Ralph Branch,West Johnny,34246 James Green,
497,Alexandraberg Branch,Port Ryan,925 Tara Estate Suite 652,672
498,Anthonymouth Branch,Jacobmouth,71382 Jenkins Pike Suite 102,479
499,Phillipsshire Branch,New Nicolefurt,705 Eric Run Apt. 113,
500,Port Robin Branch,Lake Stephanietown,50883 Norris Pass,228
